masa[MeV/c2]\Rate[day⁻¹kg⁻¹],1e,2e,3e,4e,5e,6e,7e
10.18939953,0.0,92370510609.0137,1941606022860.0005,6156739825767.366,5756542830565.081,1483721476782.4443,93943670544.77505
10.715335875476647,0.0,88803009465.34122,1866618002750.0574,5918956400896.1,5534215672295.194,1426417711431.2083,90315411375.26723
11.26841896681196,0.0,85051368077.83379,1787759398791.1821,5668899539781.268,5300412868892.7,1366156153244.1785,86499875873.87798
11.85005001123768,0.0,81138620586.9815,1705514383102.9417,5408104529054.644,5056569911137.313,1303306793127.7517,82520490474.98799
12.461702540739171,0.0,77765543284.91634,1634613105605.586,5183279969526.982,4846359273217.009,1249126003144.8381,79089966374.83923
13.104926145172064,0.0,74218361125.73615,1560052185686.0447,4946850858930.022,4625298396834.405,1192148615914.4854,75482372241.95792
13.78135039806748,0.0,70635349274.84529,1484738134223.0708,4708033604233.334,4402004609173.317,1134595706444.9775,71838338202.75159
14.492688985071808,0.0,67273704631.4475,1414077168474.341,4483971061765.747,4192506456101.825,1080598556035.8811,68419441470.60392
15.2407440454801,0.0,63738545239.38034,1339768964241.7026,4248343300523.8223,3972194840206.923,1023814287124.9829,64824074864.29205
16.027410737862187,0.0,60440878829.93877,1270452805656.6694,4028545077246.2397,3766683819409.1895,970844801055.3121,61470245977.85824
16.854682041348358,0.0,57097186727.38166,1200169198019.225,3805679119299.394,3558304471133.5737,917136017249.7185,58069607535.84081
17.724653804738185,0.0,53580906515.03066,1126257829625.2312,3571309705519.9863,3339169408295.762,860654999281.4014,54493441640.098976
18.639530056224498,0.0,50222496569.015015,1055664856441.205,3347462764222.791,3129872842006.69,806709806904.6373,51077834695.386444
19.60162858718403,0.0,46821353264.42468,984173638288.7511,3120767531096.4087,2917913126977.7524,752078200633.7168,47618766601.301186
20.61338682418136,0.0,43527759322.18106,914943081989.4186,2901240748572.1753,2712655902891.7256,699174129456.8003,44269079540.15586
21.677368004062178,0.0,40343402404.60539,848008661801.2349,2688994903825.4556,2514206345094.8486,648024701818.0759,41030489916.807915
22.79626766778052,0.0,37121435795.100914,780283694891.0997,2474242273237.602,2313412946162.904,596271160298.3951,37753650071.77605
23.972920489411504,0.0,34252901574.209915,719987792190.7582,2283046849905.031,2134645501936.0747,550194703620.1742,34836261913.834
25.210307457650583,0.0,31236305006.70388,656579654405.31,2081982677984.9375,1946650792056.3435,501739963200.4525,31768289763.026894
26.511563427993256,0.0,28233012688.159813,593451168748.4891,1881805269588.137,1759485204788.073,453498925181.932,28713848445.52457
27.87998506472841,0.0,25416764270.899807,534254301125.15076,1694094833914.6655,1583976218981.0127,408262320630.3979,25849636569.47264
29.31903919286572,0.0,22455152292.60094,472001926243.52625,1496695530879.0603,1399408156206.5674,360690782169.40594,22837585449.083813
30.83237158115636,0.0,20148189586.957764,423510122373.89264,1342930340313.9297,1255637925469.5798,323634690458.62885,20491332917.30581
32.42381617845848,0.0,17877087107.022903,375772091865.01385,1191555329020.5576,1114102508893.98,287154611446.00494,18181551345.874256
34.097404826847175,0.0,15826336646.038824,332665808050.2196,1054867364944.0723,986299460219.4393,254213984806.3742,16095874603.307518
35.85737747607648,0.0,13876908698.501184,291689299215.1439,924932815454.879,864810844414.3217,222900873141.93277,14113245995.467146
37.70819292527147,0.0,12089279294.603113,254113757038.68417,805782568561.9272,753405535935.789,194186685880.1754,12295171518.35621
39.65454011906391,0.0,10790066919.766472,226804623903.8186,719186613667.3572,672438443381.7125,173317803693.23926,10973832288.935104
41.70135002678942,0.0,9423794360.82301,198085901750.79727,628120919421.0004,587292150999.7766,151371752670.27228,9584290775.03092
43.85380813484166,0.0,8373387233.45884,176006595362.87387,558108494983.0022,521830635432.35455,134499359046.37599,8515994189.244225
46.117367583832326,0.0,7354024460.912,154579833882.32098,490165259233.1356,458303808294.98413,118125622143.89038,7479270673.932141
48.49776298383919,0.0,6534024912.1784,137343639646.01588,435510111767.6328,407201324480.5405,104954200513.90933,6645305732.684145
51.00102494274218,0.0,6026252889.553923,126670393272.60803,401665758050.29504,375556902715.10297,96798001632.79503,6128885857.003246
53.63349534445476,0.0,5492271691.292739,115446236300.8402,366074493177.23065,342279121546.19586,88220812150.62677,5585810437.848231
56.40184341575677,0.0,5114851553.544126,107512955346.0216,340918438741.6417,318758247040.43494,82158418855.88663,5201962466.84698
59.31308262243349,0.0,4783427648.573525,100546504194.3712,318828155365.58856,298103864040.3022,76834850083.9717,4864894089.35354
62.37458843752613,0.0,4434896957.587652,93220472495.4223,295597659273.8462,276383383800.4665,71236499829.93398,4510427580.585269
65.59411702670907,0.0,4026503817.3876815,84636146442.88673,268377171974.7969,250932267553.8416,64676595926.72669,4095079106.6758018
68.9798248981321,0.0,3617727295.074895,76043761790.10747,241131131239.84155,225457258881.61093,58110533864.699554,3679340721.28201
72.54028956650914,0.0,3423917704.4338007,71969930585.8004,228213207354.30164,213379018736.09344,54997425036.5175,3482230364.1825237
76.28453128380565,0.0,3220104432.2685914,67685824390.374016,214628511529.9932,200677347792.39987,51723629891.60556,3274945953.100438
80.2220358915775,0.0,3038760199.453608,63874012023.81835,202541436845.83215,189375950448.23978,48810748592.75549,3090513251.035203
84.36277885285713,0.0,2877310211.383251,60480371919.83597,191780366403.88275,179314365152.30948,46217422939.93745,2926313612.1164665
88.71725052446955,0.0,2710894450.585698,56982352461.75332,180688314022.8527,168943312222.14725,43544333479.43243,2757063628.5151205
93.29648273380616,0.0,2547695856.2634306,53551957072.90852,169810694330.71783,158772753545.89728,40922920457.24411,2591085602.873619
98.11207672738504,0.0,2376073598.5023046,49944498294.897644,158371615100.99963,148077231014.23123,38166200503.4927,2416540450.584634
103.1762325620052,0.0,2223792904.288,46743594552.97393,148221702443.9917,138587077363.1017,35720158633.46913,2261666267.5442047
108.50178001295586,0.0,2087605793.0638075,43880974073.2838,139144469830.444,130099878000.83582,33532623450.95194,2123159756.9171894
114.10221107758466,0.0,1944389243.905867,40870596490.81812,129598706511.65143,121174603106.95683,31232176388.19023,1977504090.1687121
119.99171415657014,0.0,1801928511.5399013,37876105996.4047,120103320389.14645,112296430818.72952,28943869797.526943,1832617112.5097442
126.18520999949796,0.0,1660536535.5288954,34904080504.75113,110679169715.82582,103484863572.43823,26672730338.95859,1688817093.1694102
132.6983895058019,0.0,1511846467.1304047,31778650858.01057,100768581804.49593,94218478212.30319,24284363679.377056,1537594687.8063638
139.54775347684227,0.0,1413046684.8463824,29701903083.475742,94183313948.3948,88061262293.29778,22697370623.804092,1437112248.8159273
146.75065441982724,0.0,1322196299.4771523,27792249729.29329,88127894506.6139,82399453875.18687,21238066490.29273,1344714592.7271888
154.32534050948632,0.0,1229950672.6907454,25853268734.491833,81979478519.2574,76650693821.49442,19756350987.153637,1250897932.8983877
162.29100181887242,0.0,1153766232.5149746,24251890037.781895,76901583270.63905,71902869109.87425,18532621797.6085,1173415997.3615677
170.6678189364129,0.0,1073649454.037002,22567854531.21848,71561587231.69347,66909980538.46107,17245728566.266018,1091934751.9638734
179.47701409237973,0.0,1016807041.6605357,21373040629.071774,67772889499.44631,63367553639.65554,16332684917.605509,1034124257.8347665
188.74090492430653,0.0,979782122.6358243,20594785693.591656,65305080325.25941,61060155631.79872,15737964078.98611,996468768.3081659
198.4829610175616,0.0,940846124.3030444,19776360328.498837,62709892640.240326,58633658900.58344,15112546112.089283,956869651.927947
208.7278633643203,0.0,921355804.1049849,19366678463.209576,61410811041.69557,57419019485.23514,14799478592.200468,937047392.5572164
219.5015668915761,0.0,904064236.0278251,19003213841.20032,60258282110.88518,56341406602.210884,14521729007.899435,919461332.2016649
230.83136621659625,0.0,886486074.2535805,18633725088.27845,59086650949.10276,55245933160.86166,14239375949.82012,901583797.1786934
242.7459647964141,0.0,870603072.7613642,18299868198.725086,58028006721.68515,54256102339.69317,13984251773.560888,885430292.6715814
255.2755476465461,0.0,853900253.797527,17948778942.15274,56914719482.725075,53215180381.780754,13715959100.325024,868443008.4012849
268.4518578131548,0.0,839486542.0147187,17645806170.596596,55954007316.19854,52316915895.87395,13484435710.540728,853783817.0411438
282.3082767924057,0.0,827400897.6930352,17391768819.818604,55148467028.23454,51563736891.94671,13290307412.206028,841492342.4028434
296.8799091007533,0.0,796779595.8648525,16748116385.016415,53107475945.26419,49655413181.92931,12798446071.720173,810349529.9226208
312.2036712104022,0.0,758671396.5938779,15947091158.057743,50567463265.96874,47280505001.24781,12186324807.833466,771592310.8300405
328.3183850752722,0.0,702424771.3035179,14764800557.851234,46818476325.147606,43775207634.97877,11282851119.211266,714387750.6225171
345.26487648439706,0.0,630675715.384847,13256652576.555824,42036211215.60967,39303796675.73121,10130366256.850782,641416738.2649809
363.0860784919356,0.0,509172030.7165735,10702674208.39271,33937667974.454918,31731670460.8509,8178686816.497798,517843727.2770057
381.82714018583255,0.0,114756584.28322254,2412155933.0798335,7648831083.289491,7151645997.8435955,1843302668.5748014,116711000.89918491
401.5355410706823,0.0,16036570.291571617,337084868.9570286,1068879995.702895,999401249.7078398,257590908.59907255,16309688.732980983
422.26121135458186,0.0,14890673.027925411,312998382.7613232,992502900.1037288,927988775.8120531,239184683.83049154,15144275.720706983
444.0566584447176,0.0,13404664.977269443,281762849.23282796,893456517.3722278,835380551.2416143,215315355.35224524,13632959.502822122
466.9770999721479,0.0,11214786.624936162,235732130.44403163,747495309.8775007,698907033.3859742,180139956.6078241,11405785.385148061
491.08060368279615,0.0,7239793.154585808,152178719.1661655,482551439.3205793,451184897.691128,116290756.86708695,7363093.896986189
516.428234549067,0.0,1324094.7976848015,27832155.707186636,88254434.45369352,82517768.54264976,21268561.53190017,1346645.4242119703
543.0842094747746,0.0,144707.34102375223,3041713.6706436723,9645128.55550781,9018181.246462982,2324393.23231446,147171.84825455787
571.1160599853248,0.0,144746.002673711,3042526.3292716118,9647705.457145156,9020590.645766076,2325014.2435007505,147211.16835014347
600.5948033153262,0.0,144786.65988452974,3043380.9341111644,9650415.368213119,9023124.40869438,2325667.3088186774,147252.517992938
631.5951223270517,0.0,144829.41565913655,3044279.650259222,9653265.154130375,9025788.954404427,2326354.082775239,147296.00194010977
664.1955547155895,0.0,142816.07683099245,3001959.75001174,9519070.774730798,8900317.4037955,2294014.388649245,145248.37398699851
698.4786919800047,0.0,140486.92171752226,2953001.4670416377,9363826.401251148,8755164.139173267,2256601.8265465926,142879.55108903168
734.5313886646021,0.0,138037.54486529122,2901516.1518994947,9200568.929629331,8602518.639380101,2217258.176539375,140388.45895877402
772.4449824003996,0.0,137713.81448028592,2894711.4166959664,9178991.439789424,8582343.717594443,2212058.1866102023,140059.21512939865
812.3155253042604,0.0,137752.58230245736,2895526.307038404,9181575.418086693,8584759.733564328,2212680.9032108216,140098.64320541342
854.2440273219316,0.0,137375.17225872463,2887593.2382573825,9156420.03644407,8561239.488119015,2206618.672053414,139714.80550033902
898.3367121314895,0.0,135005.28768518244,2837778.831785719,8998460.936291866,8413547.957985153,2168551.8841134445,137304.5594798491
944.7052862554988,0.0,132513.0790798716,2785393.203446203,8832348.614585806,8258233.177493133,2128520.2397288685,134769.9061299592
993.4672220636712,0.0,130079.35211638342,2734236.845219422,8670134.249607628,8106562.980902778,2089427.969473522,132294.7304213218
1044.7460553830083,0.0,127800.72281378569,2686340.602699817,8518257.555595988,7964558.491711349,2052826.9892299406,129977.29383809233
1098.6716984693865,0.0,125404.47971416528,2635972.1463192618,8358541.589684529,7815224.294634116,2014336.8117148706,127540.24038010306
1155.380769133494,0.0,121270.2195859755,2549070.988016258,8082982.173443474,7557576.639081378,1947929.3565394327,123335.56976749786
1215.016936854957,0.0,115964.84174541233,2437553.215722161,7729364.651721649,7226944.76782535,1862710.5676360272,117939.8361650381
1277.7312867614755,0.0,106506.62133365926,2238743.6866211593,7098949.144586372,6637507.180632146,1710785.8390128352,108320.53302983503
1343.6827023951391,0.0,95700.53699202863,2011602.3803437448,6378694.92721685,5964070.529333336,1537210.751986789,97330.41052671077
1413.0382682356217,0.0,74292.7417765063,1561615.64916121,4951808.526824721,4629933.809144035,1193343.3713432157,75558.01966779532
1485.9736929999997,0.0,56130.267585049514,1179844.789092687,3741231.3907695455,3498045.938190214,901604.6675978494,57086.220816943285
